Workbook
Name BoxPlot: "BoxPlot"
Name Bubble: "Bubble"
Name Candlestick: "Candlestick"
Name Chart: "Chart"
Name ChartImage: "ChartImage"
Name ColumnRange: "ColumnRange"
Name Dumbbell: "Dumbbell"
Name Heatmap: "Heatmap"
Name Histogram: "Histogram"
Name Map: "Map"
Name OHLC: "OHLC"
Name PieChart: "PieChart"
Name Scatter: "Scatter"
Name Series: "Series"
Name Stripe: "Stripe"
Name Table: "Table"
Name TreeMap: "TreeMap"
Name Waterfall: "Waterfall"

Sheet Delta
A1: date | B1: g_sh | C1: b_liqtil_sh | D1: b_liqp_sh | E1: b_safetil_sh | F1: b_safep_sh | G1: mu_sh | H1: z_sh | I1: lambda_f_sh | J1: lambda_w_sh | K1: rm_sh | L1: sigma_omega_sh | M1: mu_e_sh | N1: gamma_sh | O1: pi_star_sh | P1: lr_sh | Q1: zp_sh | R1: tfp_sh | S1: gdpdef_sh | T1: corepce_sh | U1: gdp_sh | V1: gdi_sh | W1: BBB_sh | X1: AAA_sh | Y1: rm_shl1 | Z1: rm_shl2 | AA1: rm_shl3 | AB1: rm_shl4 | AC1: rm_shl5 | AD1: rm_shl6 | AE1: dettrend | AF1: detrendedMean | AJ1: Chart | AK1: Date | AL1: Government | AM1: Transitory Liquidity | AN1: Permanent Liquidity | AO1: Transitory Safety | AP1: Permanent Safety | AQ1: Investment specific technology | AR1: TFP | AS1: Permanent TFP | AT1: Others
A2: 39172 | B2: =wFG!B2-woFG!B2 -> 0.0049253931 | C2: =wFG!C2-woFG!C2 -> -0.044845792 | D2: =wFG!D2-woFG!D2 -> 0.11566732 | E2: =wFG!E2-woFG!E2 -> -3.4182445e-18 | F2: =wFG!F2-woFG!F2 -> 0.50109414 | G2: =wFG!G2-woFG!G2 -> 0.0052883089 | H2: =wFG!H2-woFG!H2 -> -2.4787094e-06 | I2: =wFG!I2-woFG!I2 -> -2.4228856e-16 | ... AF2: =wFG!AF2-woFG!AF2 -> 0.59143404 | AK2: =+A2 -> 39172 | AL2: =+B2 -> 0.0049253931 | AM2: =+C2 -> -0.044845792 | AN2: =+D2 -> 0.11566732 | AO2: =+E2 -> -3.4182445e-18 | AP2: =+F2 -> 0.50109414 | AQ2: =+G2 -> 0.0052883089 | AR2: =+H2 -> -2.4787094e-06 | AS2: =+Q2 -> -3.4797181e-05 | AT2: =+AF2-SUM(AL2:AS2) -> 0.0093419511
A3: 39263 | B3: =wFG!B3-woFG!B3 -> 0.0049867511 | C3: =wFG!C3-woFG!C3 -> -0.050661021 | D3: =wFG!D3-woFG!D3 -> 0.13091415 | E3: =wFG!E3-woFG!E3 -> -3.3624657e-18 | F3: =wFG!F3-woFG!F3 -> 0.55348616 | G3: =wFG!G3-woFG!G3 -> 0.0060263109 | H3: =wFG!H3-woFG!H3 -> -2.4078726e-06 | I3: =wFG!I3-woFG!I3 -> -2.8058594e-16 | ... AF3: =wFG!AF3-woFG!AF3 -> 0.65387143 | AK3: =+A3 -> 39263 | AL3: =+B3 -> 0.0049867511 | AM3: =+C3 -> -0.050661021 | AN3: =+D3 -> 0.13091415 | AO3: =+E3 -> -3.3624657e-18 | AP3: =+F3 -> 0.55348616 | AQ3: =+G3 -> 0.0060263109 | AR3: =+H3 -> -2.4078726e-06 | AS3: =+Q3 -> -4.018236e-05 | AT3: =+AF3-SUM(AL3:AS3) -> 0.0091616672
A4: 39355 | B4: =wFG!B4-woFG!B4 -> 0.0050747524 | C4: =wFG!C4-woFG!C4 -> -0.057283127 | D4: =wFG!D4-woFG!D4 -> 0.14815546 | E4: =wFG!E4-woFG!E4 -> -3.2793659e-18 | F4: =wFG!F4-woFG!F4 -> 0.61346626 | G4: =wFG!G4-woFG!G4 -> 0.0068745973 | H4: =wFG!H4-woFG!H4 -> -2.3707304e-06 | I4: =wFG!I4-woFG!I4 -> -3.2489419e-16 | ... AF4: =wFG!AF4-woFG!AF4 -> 0.72522617 | AK4: =+A4 -> 39355 | AL4: =+B4 -> 0.0050747524 | AM4: =+C4 -> -0.057283127 | AN4: =+D4 -> 0.14815546 | AO4: =+E4 -> -3.2793659e-18 | AP4: =+F4 -> 0.61346626 | AQ4: =+G4 -> 0.0068745973 | AR4: =+H4 -> -2.3707304e-06 | AS4: =+Q4 -> -4.7143198e-05 | AT4: =+AF4-SUM(AL4:AS4) -> 0.0089877387
A5: 39447 | B5: =wFG!B5-woFG!B5 -> 0.0051969562 | C5: =wFG!C5-woFG!C5 -> -0.064830307 | D5: =wFG!D5-woFG!D5 -> 0.16740166 | E5: =wFG!E5-woFG!E5 -> -3.1749246e-18 | F5: =wFG!F5-woFG!F5 -> 0.68249794 | G5: =wFG!G5-woFG!G5 -> 0.0078506731 | H5: =wFG!H5-woFG!H5 -> -2.8716029e-06 | I5: =wFG!I5-woFG!I5 -> -3.7617364e-16 | ... AF5: =wFG!AF5-woFG!AF5 -> 0.80688043 | AK5: =+A5 -> 39447 | AL5: =+B5 -> 0.0051969562 | AM5: =+C5 -> -0.064830307 | AN5: =+D5 -> 0.16740166 | AO5: =+E5 -> -3.1749246e-18 | AP5: =+F5 -> 0.68249794 | AQ5: =+G5 -> 0.0078506731 | AR5: =+H5 -> -2.8716029e-06 | AS5: =+Q5 -> -5.614641e-05 | AT5: =+AF5-SUM(AL5:AS5) -> 0.0088225235
A6: 39538 | B6: =wFG!B6-woFG!B6 -> 0.005359274 | C6: =wFG!C6-woFG!C6 -> -0.073443886 | D6: =wFG!D6-woFG!D6 -> 0.18799781 | E6: =wFG!E6-woFG!E6 -> -3.1282126e-18 | F6: =wFG!F6-woFG!F6 -> 0.7630376 | G6: =wFG!G6-woFG!G6 -> 0.0089765392 | H6: =wFG!H6-woFG!H6 -> -5.9611861e-06 | I6: =wFG!I6-woFG!I6 -> -4.3559188e-16 | ... AF6: =wFG!AF6-woFG!AF6 -> 0.90052311 | AK6: =+A6 -> 39538 | AL6: =+B6 -> 0.005359274 | AM6: =+C6 -> -0.073443886 | AN6: =+D6 -> 0.18799781 | AO6: =+E6 -> -3.1282126e-18 | AP6: =+F6 -> 0.7630376 | AQ6: =+G6 -> 0.0089765392 | AR6: =+H6 -> -5.9611861e-06 | AS6: =+Q6 -> -6.8005769e-05 | AT6: =+AF6-SUM(AL6:AS6) -> 0.0086697437
A7: 39629 | B7: =wFG!B7-woFG!B7 -> 0.0055592649 | C7: =wFG!C7-woFG!C7 -> -0.083302953 | D7: =wFG!D7-woFG!D7 -> 0.20690263 | E7: =wFG!E7-woFG!E7 -> -3.8014365e-18 | F7: =wFG!F7-woFG!F7 -> 0.86051262 | G7: =wFG!G7-woFG!G7 -> 0.010282818 | H7: =wFG!H7-woFG!H7 -> -1.8160829e-05 | I7: =wFG!I7-woFG!I7 -> -5.0466133e-16 | ... AF7: =wFG!AF7-woFG!AF7 -> 1.0083879 | AK7: =+A7 -> 39629 | AL7: =+B7 -> 0.0055592649 | AM7: =+C7 -> -0.083302953 | AN7: =+D7 -> 0.20690263 | AO7: =+E7 -> -3.8014365e-18 | AP7: =+F7 -> 0.86051262 | AQ7: =+G7 -> 0.010282818 | AR7: =+H7 -> -1.8160829e-05 | AS7: =+Q7 -> -8.4183979e-05 | AT7: =+AF7-SUM(AL7:AS7) -> 0.0085358809
A8: 39721 | B8: =wFG!B8-woFG!B8 -> 0.0057695427 | C8: =wFG!C8-woFG!C8 -> -0.094654284 | D8: =wFG!D8-woFG!D8 -> 0.21277632 | E8: =wFG!E8-woFG!E8 -> -1.1247344e-17 | F8: =wFG!F8-woFG!F8 -> 0.99000849 | G8: =wFG!G8-woFG!G8 -> 0.011820812 | H8: =wFG!H8-woFG!H8 -> -5.6917166e-05 | I8: =wFG!I8-woFG!I8 -> -5.8560548e-16 | ... AF8: =wFG!AF8-woFG!AF8 -> 1.1339907 | AK8: =+A8 -> 39721 | AL8: =+B8 -> 0.0057695427 | AM8: =+C8 -> -0.094654284 | AN8: =+D8 -> 0.21277632 | AO8: =+E8 -> -1.1247344e-17 | AP8: =+F8 -> 0.99000849 | AQ8: =+G8 -> 0.011820812 | AR8: =+H8 -> -5.6917166e-05 | AS8: =+Q8 -> -0.00010636515 | AT8: =+AF8-SUM(AL8:AS8) -> 0.0084331009
A9: 39813 | B9: =wFG!B9-woFG!B9 -> 0.0058645742 | C9: =wFG!C9-woFG!C9 -> -0.085403211 | D9: =wFG!D9-woFG!D9 -> 0.21748458 | E9: =wFG!E9-woFG!E9 -> -1.458322e-17 | F9: =wFG!F9-woFG!F9 -> 1.3816976 | G9: =wFG!G9-woFG!G9 -> 0.020982711 | H9: =wFG!H9-woFG!H9 -> -7.5105964e-05 | I9: =wFG!I9-woFG!I9 -> -7.4442458e-16 | ... AF9: =wFG!AF9-woFG!AF9 -> 1.5499096 | AK9: =+A9 -> 39813 | AL9: =+B9 -> 0.0058645742 | AM9: =+C9 -> -0.085403211 | AN9: =+D9 -> 0.21748458 | AO9: =+E9 -> -1.458322e-17 | AP9: =+F9 -> 1.3816976 | AQ9: =+G9 -> 0.020982711 | AR9: =+H9 -> -7.5105964e-05 | AS9: =+Q9 -> 2.7834507e-05 | AT9: =+AF9-SUM(AL9:AS9) -> 0.0093306661
A10: 39903 | B10: =wFG!B10-woFG!B10 -> 0.005624213 | C10: =wFG!C10-woFG!C10 -> -0.068496773 | D10: =wFG!D10-woFG!D10 -> 0.2394221 | E10: =wFG!E10-woFG!E10 -> -1.5648737e-17 | F10: =wFG!F10-woFG!F10 -> 1.8729351 | G10: =wFG!G10-woFG!G10 -> 0.032640662 | H10: =wFG!H10-woFG!H10 -> -4.6779439e-05 | I10: =wFG!I10-woFG!I10 -> -9.4872347e-16 | ... AF10: =wFG!AF10-woFG!AF10 -> 2.0953715 | AK10: =+A10 -> 39903 | AL10: =+B10 -> 0.005624213 | AM10: =+C10 -> -0.068496773 | AN10: =+D10 -> 0.2394221 | AO10: =+E10 -> -1.5648737e-17 | AP10: =+F10 -> 1.8729351 | AQ10: =+G10 -> 0.032640662 | AR10: =+H10 -> -4.6779439e-05 | AS10: =+Q10 -> 0.00017243894 | AT10: =+AF10-SUM(AL10:AS10) -> 0.013120497
A11: 39994 | B11: =wFG!B11-woFG!B11 -> 0.0050923445 | C11: =wFG!C11-woFG!C11 -> -0.078127122 | D11: =wFG!D11-woFG!D11 -> 0.21596434 | E11: =wFG!E11-woFG!E11 -> -1.8139262e-17 | F11: =wFG!F11-woFG!F11 -> 1.7216338 | G11: =wFG!G11-woFG!G11 -> 0.02531452 | H11: =wFG!H11-woFG!H11 -> -3.1310392e-05 | I11: =wFG!I11-woFG!I11 -> -9.5097835e-16 | ... AF11: =wFG!AF11-woFG!AF11 -> 1.9070364 | AK11: =+A11 -> 39994 | AL11: =+B11 -> 0.0050923445 | AM11: =+C11 -> -0.078127122 | AN11: =+D11 -> 0.21596434 | AO11: =+E11 -> -1.8139262e-17 | AP11: =+F11 -> 1.7216338 | AQ11: =+G11 -> 0.02531452 | AR11: =+H11 -> -3.1310392e-05 | AS11: =+Q11 -> 0.00010915829 | AT11: =+AF11-SUM(AL11:AS11) -> 0.017080704
A12: 40086 | B12: =wFG!B12-woFG!B12 -> 0.0047874672 | C12: =wFG!C12-woFG!C12 -> -0.094206388 | D12: =wFG!D12-woFG!D12 -> 0.21186458 | E12: =wFG!E12-woFG!E12 -> -2.1664674e-17 | F12: =wFG!F12-woFG!F12 -> 1.539571 | G12: =wFG!G12-woFG!G12 -> 0.018113353 | H12: =wFG!H12-woFG!H12 -> -5.734013e-05 | I12: =wFG!I12-woFG!I12 -> -9.2525037e-16 | ... AF12: =wFG!AF12-woFG!AF12 -> 1.6996387 | AK12: =+A12 -> 40086 | AL12: =+B12 -> 0.0047874672 | AM12: =+C12 -> -0.094206388 | AN12: =+D12 -> 0.21186458 | AO12: =+E12 -> -2.1664674e-17 | AP12: =+F12 -> 1.539571 | AQ12: =+G12 -> 0.018113353 | AR12: =+H12 -> -5.734013e-05 | AS12: =+Q12 -> 6.2294522e-06 | AT12: =+AF12-SUM(AL12:AS12) -> 0.019559832
A13: 40178 | B13: =wFG!B13-woFG!B13 -> 0.0046224098 | C13: =wFG!C13-woFG!C13 -> -0.081965345 | D13: =wFG!D13-woFG!D13 -> 0.24766952 | E13: =wFG!E13-woFG!E13 -> -2.2850368e-17 | F13: =wFG!F13-woFG!F13 -> 1.7634024 | G13: =wFG!G13-woFG!G13 -> 0.02396012 | H13: =wFG!H13-woFG!H13 -> -5.8360392e-05 | I13: =wFG!I13-woFG!I13 -> -1.0307353e-15 | ... AF13: =wFG!AF13-woFG!AF13 -> 1.9794613 | AK13: =+A13 -> 40178 | AL13: =+B13 -> 0.0046224098 | AM13: =+C13 -> -0.081965345 | AN13: =+D13 -> 0.24766952 | AO13: =+E13 -> -2.2850368e-17 | AP13: =+F13 -> 1.7634024 | AQ13: =+G13 -> 0.02396012 | AR13: =+H13 -> -5.8360392e-05 | AS13: =+Q13 -> 0.00011568339 | AT13: =+AF13-SUM(AL13:AS13) -> 0.021714862
... A132: 51043 | B132: =wFG!B132-woFG!B132 -> -0.0084951169 | C132: =wFG!C132-woFG!C132 -> -9.5428319e-16 | D132: =wFG!D132-woFG!D132 -> -0.014676732 | E132: =wFG!E132-woFG!E132 -> -1.6434539e-13 | F132: =wFG!F132-woFG!F132 -> -0.14920292 | G132: =wFG!G132-woFG!G132 -> 0.018149787 | H132: =wFG!H132-woFG!H132 -> -0.0017202076 | I132: =wFG!I132-woFG!I132 -> 4.1772073e-17 | ... AF132: =wFG!AF132-woFG!AF132 -> -0.09478486 | AK132: =+A132 -> 51043 | AL132: =+B132 -> -0.0084951169 | AM132: =+C132 -> -9.5428319e-16 | AN132: =+D132 -> -0.014676732 | AO132: =+E132 -> -1.6434539e-13 | AP132: =+F132 -> -0.14920292 | AQ132: =+G132 -> 0.018149787 | AR132: =+H132 -> -0.0017202076 | AS132: =+Q132 -> 0.07004557 | AT132: =+AF132-SUM(AL132:AS132) -> -0.0088852424

Sheet wFG
A1: date | B1: g_sh | C1: b_liqtil_sh | D1: b_liqp_sh | E1: b_safetil_sh | F1: b_safep_sh | G1: mu_sh | H1: z_sh | I1: lambda_f_sh | J1: lambda_w_sh | K1: rm_sh | L1: sigma_omega_sh | M1: mu_e_sh | N1: gamma_sh | O1: pi_star_sh | P1: lr_sh | Q1: zp_sh | R1: tfp_sh | S1: gdpdef_sh | T1: corepce_sh | U1: gdp_sh | V1: gdi_sh | W1: BBB_sh | X1: AAA_sh | Y1: rm_shl1 | Z1: rm_shl2 | AA1: rm_shl3 | AB1: rm_shl4 | AC1: rm_shl5 | AD1: rm_shl6 | AE1: dettrend | AF1: detrendedMean
A2: 39172 | B2: -0.059371016 | C2: -0.0087277573 | D2: -3.260623 | E2: -2.4200812e-17 | F2: 4.2925967 | G2: -0.079399231 | H2: -0.00020210058 | I2: -1.5880156e-14 | J2: 4.0555984e-14 | K2: 1.1635683e-13 | L2: -0.082580466 | M2: 0 | N2: 0 | O2: 1.3535342e-14 | P2: 0 | Q2: 0.0001949513 | R2: 0 | S2: 0 | T2: 0 | U2: 0 | V2: 0 | W2: 0 | X2: 0 | Y2: 0 | Z2: 0 | AA2: 0 | AB2: 0 | AC2: 0 | AD2: 0 | AE2: 0.61047804 | AF2: 1.4123661
A3: 39263 | B3: -0.049991151 | C3: -0.0015444246 | D3: -3.597155 | E3: -1.8030816e-17 | F3: 5.0873983 | G3: -0.073590528 | H3: -0.00032479386 | I3: -1.595827e-14 | J3: 4.1241653e-14 | K3: 1.1935314e-13 | L3: -0.069412804 | M3: 0 | N3: 0 | O3: 1.3707723e-14 | P3: 0 | Q3: -0.00019236966 | R3: 0 | S3: 0 | T3: 0 | U3: 0 | V3: 0 | W3: 0 | X3: 0 | Y3: 0 | Z3: 0 | AA3: 0 | AB3: 0 | AC3: 0 | AD3: 0 | AE3: 0.60400956 | AF3: 1.8991968
A4: 39355 | B4: -0.052688266 | C4: -0.011446616 | D4: -3.8458678 | E4: -2.2088918e-17 | F4: 5.4574608 | G4: -0.029871703 | H4: -0.00021930359 | I4: -1.4596947e-14 | J4: 3.9074772e-14 | K4: 1.1839217e-13 | L4: -0.054034469 | M4: 0 | N4: 0 | O4: 1.3917209e-14 | P4: 0 | Q4: -0.00076173588 | R4: 0 | S4: 0 | T4: 0 | U4: 0 | V4: 0 | W4: 0 | X4: 0 | Y4: 0 | Z4: 0 | AA4: 0 | AB4: 0 | AC4: 0 | AD4: 0 | AE4: 0.59760732 | AF4: 2.0601783
A5: 39447 | B5: -0.04453647 | C5: 0.0022053684 | D5: -4.0442004 | E5: -1.4497348e-17 | F5: 5.72142 | G5: -0.00069538515 | H5: -0.00012636217 | I5: -1.5690321e-14 | J5: 3.8989034e-14 | K5: 1.2093148e-13 | L5: -0.062533882 | M5: 0 | N5: 0 | O5: 1.405281e-14 | P5: 0 | Q5: -0.00074960109 | R5: 0 | S5: 0 | T5: 0 | U5: 0 | V5: 0 | W5: 0 | X5: 0 | Y5: 0 | Z5: 0 | AA5: 0 | AB5: 0 | AC5: 0 | AD5: 0 | AE5: 0.59127065 | AF5: 2.162054
A6: 39538 | B6: -0.045693954 | C6: -0.011771584 | D6: -4.0915218 | E6: -1.7625546e-17 | F6: 5.7097059 | G6: 0.053742771 | H6: -0.00073252681 | I6: -1.4392201e-14 | J6: 3.4590532e-14 | K6: 1.2460778e-13 | L6: 0.0061589418 | M6: 0 | N6: 0 | O6: 1.4271166e-14 | P6: 0 | Q6: -0.00080553125 | R6: 0 | S6: 0 | T6: 0 | U6: 0 | V6: 0 | W6: 0 | X6: 0 | Y6: 0 | Z6: 0 | AA6: 0 | AB6: 0 | AC6: 0 | AD6: 0 | AE6: 0.58499886 | AF6: 2.2040811
A7: 39629 | B7: -0.042521912 | C7: -0.016532462 | D7: -4.2394433 | E7: -1.1995854e-17 | F7: 6.0644001 | G7: 0.035486764 | H7: -0.00070332042 | I7: -1.5442731e-14 | J7: 3.7608176e-14 | K7: 1.2220842e-13 | L7: 0.0080515086 | M7: 0 | N7: 0 | O7: 1.443109e-14 | P7: 0 | Q7: -0.0015637639 | R7: 0 | S7: 0 | T7: 0 | U7: 0 | V7: 0 | W7: 0 | X7: 0 | Y7: 0 | Z7: 0 | AA7: 0 | AB7: 0 | AC7: 0 | AD7: 0 | AE7: 0.57879129 | AF7: 2.3859649
A8: 39721 | B8: -0.032115852 | C8: -0.033571756 | D8: -4.3100576 | E8: -9.0963376e-18 | F8: 6.2719742 | G8: 0.097416676 | H8: -0.00052385178 | I8: -1.4323896e-14 | J8: 2.8853372e-14 | K8: 1.2214124e-13 | L8: 0.041897611 | M8: 0 | N8: 0 | O8: 1.4681496e-14 | P8: 0 | Q8: -0.0013924829 | R8: 0 | S8: 0 | T8: 0 | U8: 0 | V8: 0 | W8: 0 | X8: 0 | Y8: 0 | Z8: 0 | AA8: 0 | AB8: 0 | AC8: 0 | AD8: 0 | AE8: 0.57264727 | AF8: 2.6062742
A9: 39813 | B9: -0.049567836 | C9: -0.074388835 | D9: -4.6315192 | E9: -1.3183796e-17 | F9: 5.5912502 | G9: 0.35932289 | H9: 0.00052071506 | I9: -1.3607101e-14 | J9: 2.7393117e-14 | K9: 1.2086719e-13 | L9: 0.15355368 | M9: 0 | N9: 0 | O9: 1.4914645e-14 | P9: 0 | Q9: -0.00056765087 | R9: 0 | S9: 0 | T9: 0 | U9: 0 | V9: 0 | W9: 0 | X9: 0 | Y9: 8.5282826e-16 | Z9: -1.9918707e-15 | AA9: 1.6356138e-15 | AB9: -1.4956245e-16 | AC9: -3.8009403e-16 | AD9: -8.7572775e-16 | AE9: 0.56656615 | AF9: 1.9151701
A10: 39903 | B10: -0.054284287 | C10: -0.084755895 | D10: -4.3745115 | E10: -1.3420203e-17 | F10: 5.3873107 | G10: 0.32350518 | H10: 0.00092707643 | I10: -1.4511137e-14 | J10: 2.6602573e-14 | K10: 1.271414e-13 | L10: 0.20298444 | M10: 0 | N10: 0 | O10: 1.5106593e-14 | P10: 0 | Q10: 0.0019836658 | R10: 0 | S10: 0 | T10: 0 | U10: 0 | V10: 0 | W10: 0 | X10: 0 | Y10: -2.1125928e-14 | Z10: 9.9226752e-16 | AA10: 1.5608308e-15 | AB10: -5.7818651e-16 | AC10: -1.1406966e-15 | AD10: -3.7637219e-15 | AE10: 0.56054728 | AF10: 1.9637067
A11: 39994 | B11: -0.054791243 | C11: -0.111838 | D11: -3.9544031 | E11: -1.7512727e-17 | F11: 4.8188212 | G11: 0.20749322 | H11: -5.0446893e-05 | I11: -1.4506555e-14 | J11: 2.0474876e-14 | K11: 1.5185275e-13 | L11: 0.17157044 | M11: 0 | N11: 0 | O11: 1.5315545e-14 | P11: 0 | Q11: 0.0038852861 | R11: 0 | S11: 0 | T11: 0 | U11: 0 | V11: 0 | W11: 0 | X11: 0 | Y11: -4.4181461e-14 | Z11: 3.871319e-15 | AA11: 1.3637994e-15 | AB11: -1.3775911e-15 | AC11: -1.1421739e-15 | AD11: -7.4836927e-15 | AE11: 0.55459002 | AF11: 1.6352773
A12: 40086 | B12: -0.054420089 | C12: -0.13400819 | D12: -3.2499035 | E12: -2.839381e-17 | F12: 4.1702879 | G12: 0.039566687 | H12: -0.0002156086 | I12: -1.3261988e-14 | J12: 1.3860163e-14 | K12: 1.7192908e-13 | L12: 0.12665492 | M12: 0 | N12: 0 | O12: 1.5553617e-14 | P12: 0 | Q12: 0.0032268732 | R12: 0 | S12: 0 | T12: 0 | U12: 0 | V12: 0 | W12: 0 | X12: 0 | Y12: -5.9339735e-14 | Z12: 4.6349329e-15 | AA12: 7.0353872e-16 | AB12: -2.7529853e-15 | AC12: -2.1444796e-15 | AD12: -1.2757678e-14 | AE12: 0.54869375 | AF12: 1.4498828
A13: 40178 | B13: -0.044924328 | C13: -0.1174237 | D13: -2.8631042 | E13: -3.1742422e-17 | F13: 4.0670882 | G13: -0.046246241 | H13: 5.8548597e-05 | I13: -1.4448818e-14 | J13: 1.3751626e-14 | K13: 1.8581796e-13 | L13: 0.10305699 | M13: 0 | N13: 0 | O13: 1.5743719e-14 | P13: 0 | Q13: 0.0029010631 | R13: 0 | S13: 0 | T13: 0 | U13: 0 | V13: 0 | W13: 0 | X13: 0 | Y13: -7.2901231e-14 | Z13: 6.7101993e-15 | AA13: 4.3991342e-16 | AB13: -3.5061181e-15 | AC13: -1.9712215e-15 | AD13: -1.789749e-14 | AE13: 0.54285782 | AF13: 1.6442642
... A132: 51043 | B132: -0.10167284 | C132: -8.6598704e-16 | D132: -0.084380696 | E132: 2.650087e-13 | F132: -0.0212235 | G132: 0.032280766 | H132: -0.015995439 | I132: -3.8486274e-15 | J132: 3.4708904e-14 | K132: -1.7178281e-15 | L132: -0.031331457 | M132: 0 | N132: 0 | O132: 8.7621229e-14 | P132: 0 | Q132: -0.056793815 | R132: 0 | S132: 0 | T132: 0 | U132: 0 | V132: 0 | W132: 0 | X132: 0 | Y132: 1.2035264e-15 | Z132: -5.4451894e-16 | AA132: 1.2800666e-15 | AB132: 7.2902014e-16 | AC132: 2.2148417e-15 | AD132: 2.7041751e-15 | AE132: 0.0069705452 | AF132: -0.27214644

Sheet woFG
A1: date | B1: g_sh | C1: b_liqtil_sh | D1: b_liqp_sh | E1: b_safetil_sh | F1: b_safep_sh | G1: mu_sh | H1: z_sh | I1: lambda_f_sh | J1: lambda_w_sh | K1: rm_sh | L1: sigma_omega_sh | M1: mu_e_sh | N1: gamma_sh | O1: pi_star_sh | P1: lr_sh | Q1: zp_sh | R1: tfp_sh | S1: gdpdef_sh | T1: corepce_sh | U1: gdp_sh | V1: gdi_sh | W1: BBB_sh | X1: AAA_sh | Y1: rm_shl1 | Z1: rm_shl2 | AA1: rm_shl3 | AB1: rm_shl4 | AC1: rm_shl5 | AD1: rm_shl6 | AE1: dettrend | AF1: detrendedMean
A2: 39172 | B2: -0.064296409 | C2: 0.036118035 | D2: -3.3762903 | E2: -2.0782567e-17 | F2: 3.7915026 | G2: -0.08468754 | H2: -0.00019962187 | I2: -1.5637867e-14 | J2: 3.9632277e-14 | K2: 7.301214e-14 | L2: -0.081448098 | M2: 0 | N2: 0 | O2: 1.7792407e-14 | P2: 0 | Q2: 0.00022974848 | R2: 0 | S2: 0 | T2: 0 | U2: 0 | V2: 0 | W2: 0 | X2: 0 | Y2: 0 | Z2: 0 | AA2: 0 | AB2: 0 | AC2: 0 | AD2: 0 | AE2: 0.60000372 | AF2: 0.8209321
A3: 39263 | B3: -0.054977902 | C3: 0.049116596 | D3: -3.7280692 | E3: -1.466835e-17 | F3: 4.5339122 | G3: -0.079616839 | H3: -0.00032238599 | I3: -1.5677684e-14 | J3: 4.0209417e-14 | K3: 7.5800571e-14 | L3: -0.068277476 | M3: 0 | N3: 0 | O3: 1.804208e-14 | P3: 0 | Q3: -0.0001521873 | R3: 0 | S3: 0 | T3: 0 | U3: 0 | V3: 0 | W3: 0 | X3: 0 | Y3: 0 | Z3: 0 | AA3: 0 | AB3: 0 | AC3: 0 | AD3: 0 | AE3: 0.59371256 | AF3: 1.2453254
A4: 39355 | B4: -0.057763019 | C4: 0.045836511 | D4: -3.9940232 | E4: -1.8809553e-17 | F4: 4.8439946 | G4: -0.0367463 | H4: -0.00021693286 | I4: -1.4272053e-14 | J4: 3.7920039e-14 | K4: 7.4635689e-14 | L4: -0.052900539 | M4: 0 | N4: 0 | O4: 1.8329561e-14 | P4: 0 | Q4: -0.00071459268 | R4: 0 | S4: 0 | T4: 0 | U4: 0 | V4: 0 | W4: 0 | X4: 0 | Y4: 0 | Z4: 0 | AA4: 0 | AB4: 0 | AC4: 0 | AD4: 0 | AE4: 0.58748565 | AF4: 1.3349521
A5: 39447 | B5: -0.049733426 | C5: 0.067035675 | D5: -4.211602 | E5: -1.1322424e-17 | F5: 5.0389221 | G5: -0.0085460582 | H5: -0.00012349057 | I5: -1.5314147e-14 | J5: 3.7696082e-14 | K5: 7.6974175e-14 | L5: -0.061408087 | M5: 0 | N5: 0 | O5: 1.8543802e-14 | P5: 0 | Q5: -0.00069345468 | R5: 0 | S5: 0 | T5: 0 | U5: 0 | V5: 0 | W5: 0 | X5: 0 | Y5: 0 | Z5: 0 | AA5: 0 | AB5: 0 | AC5: 0 | AD5: 0 | AE5: 0.58132233 | AF5: 1.3551735
A6: 39538 | B6: -0.051053228 | C6: 0.061672302 | D6: -4.2795196 | E6: -1.4497333e-17 | F6: 4.9466683 | G6: 0.044766232 | H6: -0.00072656562 | I6: -1.3956609e-14 | J6: 3.3141838e-14 | K6: 8.0452136e-14 | L6: 0.0072661219 | M6: 0 | N6: 0 | O6: 1.8841346e-14 | P6: 0 | Q6: -0.00073752548 | R6: 0 | S6: 0 | T6: 0 | U6: 0 | V6: 0 | W6: 0 | X6: 0 | Y6: 0 | Z6: 0 | AA6: 0 | AB6: 0 | AC6: 0 | AD6: 0 | AE6: 0.57522193 | AF6: 1.303558
A7: 39629 | B7: -0.048081177 | C7: 0.066770492 | D7: -4.4463459 | E7: -8.1944179e-18 | F7: 5.2038875 | G7: 0.025203947 | H7: -0.00068515959 | I7: -1.493807e-14 | J7: 3.5984439e-14 | K7: 7.785772e-14 | L7: 0.0091230909 | M7: 0 | N7: 0 | O7: 1.9080813e-14 | P7: 0 | Q7: -0.0014795799 | R7: 0 | S7: 0 | T7: 0 | U7: 0 | V7: 0 | W7: 0 | X7: 0 | Y7: 0 | Z7: 0 | AA7: 0 | AB7: 0 | AC7: 0 | AD7: 0 | AE7: 0.56918382 | AF7: 1.377577
A8: 39721 | B8: -0.037885394 | C8: 0.061082528 | D8: -4.5228339 | E8: 2.1510066e-18 | F8: 5.2819657 | G8: 0.085595863 | H8: -0.00046693462 | I8: -1.373829e-14 | J8: 2.70319e-14 | K8: 7.7604278e-14 | L8: 0.042904426 | M8: 0 | N8: 0 | O8: 1.9410647e-14 | P8: 0 | Q8: -0.0012861178 | R8: 0 | S8: 0 | T8: 0 | U8: 0 | V8: 0 | W8: 0 | X8: 0 | Y8: 0 | Z8: 0 | AA8: 0 | AB8: 0 | AC8: 0 | AD8: 0 | AE8: 0.56320735 | AF8: 1.4722835
A9: 39813 | B9: -0.05543241 | C9: 0.011014376 | D9: -4.8490038 | E9: 1.3994243e-18 | F9: 4.2095526 | G9: 0.33834018 | H9: 0.00059582102 | I9: -1.2862676e-14 | J9: 2.5719044e-14 | K9: 7.6194266e-14 | L9: 0.15349728 | M9: 0 | N9: 0 | O9: 1.9713901e-14 | P9: 0 | Q9: -0.00059548537 | R9: 0 | S9: 0 | T9: 0 | U9: 0 | V9: 0 | W9: 0 | X9: 0 | Y9: 6.5539756e-15 | Z9: 9.3971129e-17 | AA9: -2.6856527e-16 | AB9: -4.9156042e-16 | AC9: -5.5470283e-16 | AD9: -7.9431055e-16 | AE9: 0.55729188 | AF9: 0.36526045
A10: 39903 | B10: -0.0599085 | C10: -0.016259122 | D10: -4.6139336 | E10: 2.2285337e-18 | F10: 3.5143756 | G10: 0.29086452 | H10: 0.00097385587 | I10: -1.3562413e-14 | J10: 2.5264817e-14 | K10: 7.6987546e-14 | L10: 0.19897442 | M10: 0 | N10: 0 | O10: 1.9970365e-14 | P10: 0 | Q10: 0.0018112268 | R10: 0 | S10: 0 | T10: 0 | U10: 0 | V10: 0 | W10: 0 | X10: 0 | Y10: 2.1127601e-15 | Z10: -8.9819576e-16 | AA10: -1.10875e-15 | AB10: -1.3342126e-15 | AC10: -1.4526428e-15 | AD10: -2.0400745e-15 | AE10: 0.5514368 | AF10: -0.13166483
A11: 39994 | B11: -0.059883588 | C11: -0.033710881 | D11: -4.1703675 | E11: 6.2653453e-19 | F11: 3.0971874 | G11: 0.1821787 | H11: -1.9136501e-05 | I11: -1.3555577e-14 | J11: 1.9348556e-14 | K11: 8.3179964e-14 | L11: 0.1634383 | M11: 0 | N11: 0 | O11: 2.0253926e-14 | P11: 0 | Q11: 0.0037761278 | R11: 0 | S11: 0 | T11: 0 | U11: 0 | V11: 0 | W11: 0 | X11: 0 | Y11: -7.8630937e-16 | Z11: -1.7705485e-15 | AA11: -1.7302633e-15 | AB11: -2.0020345e-15 | AC11: -2.2064302e-15 | AD11: -3.0006154e-15 | AE11: 0.54564147 | AF11: -0.27175907
A12: 40086 | B12: -0.059207557 | C12: -0.039801798 | D12: -3.4617681 | E12: -6.7291361e-18 | F12: 2.6307169 | G12: 0.021453334 | H12: -0.00015826847 | I12: -1.2336738e-14 | J12: 1.2966468e-14 | K12: 8.8696091e-14 | L12: 0.11588355 | M12: 0 | N12: 0 | O12: 2.0568978e-14 | P12: 0 | Q12: 0.0032206437 | R12: 0 | S12: 0 | T12: 0 | U12: 0 | V12: 0 | W12: 0 | X12: 0 | Y12: -5.2466059e-15 | Z12: -2.514772e-15 | AA12: -2.3065024e-15 | AB12: -2.6502768e-15 | AC12: -2.8515597e-15 | AD12: -3.7805612e-15 | AE12: 0.53990528 | AF12: -0.24975595
A13: 40178 | B13: -0.049546738 | C13: -0.035458357 | D13: -3.1107737 | E13: -8.8920548e-18 | F13: 2.3036858 | G13: -0.070206361 | H13: 0.00011690899 | I13: -1.3418083e-14 | J13: 1.331579e-14 | K13: 9.6127949e-14 | L13: 0.089972314 | M13: 0 | N13: 0 | O13: 2.0825438e-14 | P13: 0 | Q13: 0.0027853797 | R13: 0 | S13: 0 | T13: 0 | U13: 0 | V13: 0 | W13: 0 | X13: 0 | Y13: -6.7305352e-15 | Z13: -3.1587379e-15 | AA13: -2.8936855e-15 | AB13: -3.2505898e-15 | AC13: -3.4442556e-15 | AD13: -4.6249216e-15 | AE13: 0.53422763 | AF13: -0.33519712
... A132: 51043 | B132: -0.093177725 | C132: 8.8296151e-17 | D132: -0.069703964 | E132: 4.2935409e-13 | F132: 0.12797942 | G132: 0.014130979 | H132: -0.014275232 | I132: -3.8903994e-15 | J132: 3.6528468e-14 | K132: 1.2088296e-16 | L132: -0.024231686 | M132: 0 | N132: 0 | O132: 6.7630182e-14 | P132: 0 | Q132: -0.12683938 | R132: 0 | S132: 0 | T132: 0 | U132: 0 | V132: 0 | W132: 0 | X132: 0 | Y132: 5.7250971e-16 | Z132: 5.5463659e-16 | AA132: 7.2400266e-16 | AB132: 7.8623195e-16 | AC132: 4.3930205e-16 | AD132: -2.1831824e-15 | AE132: 0.0087560164 | AF132: -0.17736158

Sheet HVD diff
A1: date | B1: g | C1: b_liq | D1: b_safe | E1: FF | F1: z | G1: p-mkp | H1: w-mkp | I1: pol | J1: fg1 | K1: fg2 | L1: fg3 | M1: fg4 | N1: fg5 | O1: fg6 | P1: pi-LR | Q1: mu | R1: me | S1: zp | T1: dt | U1: DSGE r* | X1: Chart | Y1: Date | Z1: Government | AA1: Liquidity | AB1: Safety | AC1: Technology | AD1: Financial Frictions | AE1: Investment Specific Technology | AF1: Price Markups | AG1: Wage Markups | AH1: Others | AI1: Δr* (with FG - without FG)
A2: 39172 | B2: ='DSGE HVD wFG'!B2-'DSGE HVD wo FG'!B2 -> 0.0031646214 | C2: ='DSGE HVD wFG'!C2-'DSGE HVD wo FG'!C2 -> 0.072570706 | D2: ='DSGE HVD wFG'!D2-'DSGE HVD wo FG'!D2 -> 0.45464904 | E2: ='DSGE HVD wFG'!E2-'DSGE HVD wo FG'!E2 -> 3.3372616e-05 | F2: ='DSGE HVD wFG'!F2-'DSGE HVD wo FG'!F2 -> -3.2325404e-06 | G2: ='DSGE HVD wFG'!G2-'DSGE HVD wo FG'!G2 -> -2.6946745e-16 | H2: ='DSGE HVD wFG'!H2-'DSGE HVD wo FG'!H2 -> 9.5438242e-16 | I2: ='DSGE HVD wFG'!I2-'DSGE HVD wo FG'!I2 -> 2.4107753e-14 | ... U2: ='DSGE HVD wFG'!U2-'DSGE HVD wo FG'!U2 -> 0.54050264 | Y2: =+A2 -> 39172 | Z2: =+B2 -> 0.0031646214 | AA2: =+C2 -> 0.072570706 | AB2: =+D2 -> 0.45464904 | AC2: =+F2+S2 -> -3.2778965e-05 | AD2: =+E2 -> 3.3372616e-05 | AE2: =+Q2 -> 0.0054566026 | AF2: =+G2 -> -2.6946745e-16 | AG2: =+H2 -> 9.5438242e-16 | AH2: =+SUM(T2,I2:P2) -> 0.0046610741 | AI2: \
A3: 39263 | B3: ='DSGE HVD wFG'!B3-'DSGE HVD wo FG'!B3 -> 0.0032166186 | C3: ='DSGE HVD wFG'!C3-'DSGE HVD wo FG'!C3 -> 0.082063896 | D3: ='DSGE HVD wFG'!D3-'DSGE HVD wo FG'!D3 -> 0.50721159 | E3: ='DSGE HVD wFG'!E3-'DSGE HVD wo FG'!E3 -> 2.4327521e-05 | F3: ='DSGE HVD wFG'!F3-'DSGE HVD wo FG'!F3 -> -3.1557948e-06 | G3: ='DSGE HVD wFG'!G3-'DSGE HVD wo FG'!G3 -> -3.09605e-16 | H3: ='DSGE HVD wFG'!H3-'DSGE HVD wo FG'!H3 -> 1.063796e-15 | I3: ='DSGE HVD wFG'!I3-'DSGE HVD wo FG'!I3 -> 2.4183719e-14 | ... U3: ='DSGE HVD wFG'!U3-'DSGE HVD wo FG'!U3 -> 0.60326755 | Y3: =+A3 -> 39263 | Z3: =+B3 -> 0.0032166186 | AA3: =+C3 -> 0.082063896 | AB3: =+D3 -> 0.50721159 | AC3: =+F3+S3 -> -3.8323704e-05 | AD3: =+E3 -> 2.4327521e-05 | AE3: =+Q3 -> 0.0062081951 | AF3: =+G3 -> -3.09605e-16 | AG3: =+H3 -> 1.063796e-15 | AH3: =+SUM(T3,I3:P3) -> 0.0045812511 | AI3: =+SUM(Z3:AH3) -> 0.60326755
A4: 39355 | B4: ='DSGE HVD wFG'!B4-'DSGE HVD wo FG'!B4 -> 0.0032955256 | C4: ='DSGE HVD wFG'!C4-'DSGE HVD wo FG'!C4 -> 0.092754239 | D4: ='DSGE HVD wFG'!D4-'DSGE HVD wo FG'!D4 -> 0.56742168 | E4: ='DSGE HVD wFG'!E4-'DSGE HVD wo FG'!E4 -> 1.9715622e-05 | F4: ='DSGE HVD wFG'!F4-'DSGE HVD wo FG'!F4 -> -3.1125303e-06 | G4: ='DSGE HVD wFG'!G4-'DSGE HVD wo FG'!G4 -> -3.558078e-16 | H4: ='DSGE HVD wFG'!H4-'DSGE HVD wo FG'!H4 -> 1.1872866e-15 | I4: ='DSGE HVD wFG'!I4-'DSGE HVD wo FG'!I4 -> 2.4255972e-14 | ... U4: ='DSGE HVD wFG'!U4-'DSGE HVD wo FG'!U4 -> 0.67501885 | Y4: =+A4 -> 39355 | Z4: =+B4 -> 0.0032955256 | AA4: =+C4 -> 0.092754239 | AB4: =+D4 -> 0.56742168 | AC4: =+F4+S4 -> -4.549286e-05 | AD4: =+E4 -> 1.9715622e-05 | AE4: =+Q4 -> 0.0070708543 | AF4: =+G4 -> -3.558078e-16 | AG4: =+H4 -> 1.1872866e-15 | AH4: =+SUM(T4,I4:P4) -> 0.0045023272 | AI4: =+SUM(Z4:AH4) -> 0.67501885
A5: 39447 | B5: ='DSGE HVD wFG'!B5-'DSGE HVD wo FG'!B5 -> 0.0034089724 | C5: ='DSGE HVD wFG'!C5-'DSGE HVD wo FG'!C5 -> 0.10453305 | D5: ='DSGE HVD wFG'!D5-'DSGE HVD wo FG'!D5 -> 0.63675484 | E5: ='DSGE HVD wFG'!E5-'DSGE HVD wo FG'!E5 -> 2.1929118e-05 | F5: ='DSGE HVD wFG'!F5-'DSGE HVD wo FG'!F5 -> -3.6123591e-06 | G5: ='DSGE HVD wFG'!G5-'DSGE HVD wo FG'!G5 -> -4.0904352e-16 | H5: ='DSGE HVD wFG'!H5-'DSGE HVD wo FG'!H5 -> 1.3266221e-15 | I5: ='DSGE HVD wFG'!I5-'DSGE HVD wo FG'!I5 -> 2.4325363e-14 | ... U5: ='DSGE HVD wFG'!U5-'DSGE HVD wo FG'!U5 -> 0.75715007 | Y5: =+A5 -> 39447 | Z5: =+B5 -> 0.0034089724 | AA5: =+C5 -> 0.10453305 | AB5: =+D5 -> 0.63675484 | AC5: =+F5+S5 -> -5.5268742e-05 | AD5: =+E5 -> 2.1929118e-05 | AE5: =+Q5 -> 0.0080622438 | AF5: =+G5 -> -4.0904352e-16 | AG5: =+H5 -> 1.3266221e-15 | AH5: =+SUM(T5,I5:P5) -> 0.0044242929 | AI5: =+SUM(Z5:AH5) -> 0.75715007
A6: 39538 | B6: ='DSGE HVD wFG'!B6-'DSGE HVD wo FG'!B6 -> 0.0035629338 | C6: ='DSGE HVD wFG'!C6-'DSGE HVD wo FG'!C6 -> 0.11659771 | D6: ='DSGE HVD wFG'!D6-'DSGE HVD wo FG'!D6 -> 0.71768774 | E6: ='DSGE HVD wFG'!E6-'DSGE HVD wo FG'!E6 -> 3.4739291e-05 | F6: ='DSGE HVD wFG'!F6-'DSGE HVD wo FG'!F6 -> -6.7256556e-06 | G6: ='DSGE HVD wFG'!G6-'DSGE HVD wo FG'!G6 -> -4.7048899e-16 | H6: ='DSGE HVD wFG'!H6-'DSGE HVD wo FG'!H6 -> 1.4836161e-15 | I6: ='DSGE HVD wFG'!I6-'DSGE HVD wo FG'!I6 -> 2.439252e-14 | ... U6: ='DSGE HVD wFG'!U6-'DSGE HVD wo FG'!U6 -> 0.85136429 | Y6: =+A6 -> 39538 | Z6: =+B6 -> 0.0035629338 | AA6: =+C6 -> 0.11659771 | AB6: =+D6 -> 0.71768774 | AC6: =+F6+S6 -> -7.0545313e-05 | AD6: =+E6 -> 3.4739291e-05 | AE6: =+Q6 -> 0.0092045662 | AF6: =+G6 -> -4.7048899e-16 | AG6: =+H6 -> 1.4836161e-15 | AH6: =+SUM(T6,I6:P6) -> 0.0043471388 | AI6: =+SUM(Z6:AH6) -> 0.85136429
A7: 39629 | B7: ='DSGE HVD wFG'!B7-'DSGE HVD wo FG'!B7 -> 0.003754971 | C7: ='DSGE HVD wFG'!C7-'DSGE HVD wo FG'!C7 -> 0.12570213 | D7: ='DSGE HVD wFG'!D7-'DSGE HVD wo FG'!D7 -> 0.81569249 | E7: ='DSGE HVD wFG'!E7-'DSGE HVD wo FG'!E7 -> 6.4703772e-05 | F7: ='DSGE HVD wFG'!F7-'DSGE HVD wo FG'!F7 -> -1.9032641e-05 | G7: ='DSGE HVD wFG'!G7-'DSGE HVD wo FG'!G7 -> -5.4166916e-16 | H7: ='DSGE HVD wFG'!H7-'DSGE HVD wo FG'!H7 -> 1.660057e-15 | I7: ='DSGE HVD wFG'!I7-'DSGE HVD wo FG'!I7 -> 2.4456606e-14 | ... U7: ='DSGE HVD wFG'!U7-'DSGE HVD wo FG'!U7 -> 0.95991449 | Y7: =+A7 -> 39629 | Z7: =+B7 -> 0.003754971 | AA7: =+C7 -> 0.12570213 | AB7: =+D7 -> 0.81569249 | AC7: =+F7+S7 -> -9.9380666e-05 | AD7: =+E7 -> 6.4703772e-05 | AE7: =+Q7 -> 0.010528727 | AF7: =+G7 -> -5.4166916e-16 | AG7: =+H7 -> 1.660057e-15 | AH7: =+SUM(T7,I7:P7) -> 0.0042708556 | AI7: =+SUM(Z7:AH7) -> 0.95991449
A8: 39721 | B8: ='DSGE HVD wFG'!B8-'DSGE HVD wo FG'!B8 -> 0.0039575022 | C8: ='DSGE HVD wFG'!C8-'DSGE HVD wo FG'!C8 -> 0.12016714 | D8: ='DSGE HVD wFG'!D8-'DSGE HVD wo FG'!D8 -> 0.94597835 | E8: ='DSGE HVD wFG'!E8-'DSGE HVD wo FG'!E8 -> 0.00012410655 | F8: ='DSGE HVD wFG'!F8-'DSGE HVD wo FG'!F8 -> -5.8128956e-05 | G8: ='DSGE HVD wFG'!G8-'DSGE HVD wo FG'!G8 -> -6.2482663e-16 | H8: ='DSGE HVD wFG'!H8-'DSGE HVD wo FG'!H8 -> 1.8593673e-15 | I8: ='DSGE HVD wFG'!I8-'DSGE HVD wo FG'!I8 -> 2.4512078e-14 | ... U8: ='DSGE HVD wFG'!U8-'DSGE HVD wo FG'!U8 -> 1.086348 | Y8: =+A8 -> 39721 | Z8: =+B8 -> 0.0039575022 | AA8: =+C8 -> 0.12016714 | AB8: =+D8 -> 0.94597835 | AC8: =+F8+S8 -> -0.00016106617 | AD8: =+E8 -> 0.00012410655 | AE8: =+Q8 -> 0.012086507 | AF8: =+G8 -> -6.2482663e-16 | AG8: =+H8 -> 1.8593673e-15 | AH8: =+SUM(T8,I8:P8) -> 0.0041954342 | AI8: =+SUM(Z8:AH8) -> 1.086348
A9: 39813 | B9: ='DSGE HVD wFG'!B9-'DSGE HVD wo FG'!B9 -> 0.0040439779 | C9: ='DSGE HVD wFG'!C9-'DSGE HVD wo FG'!C9 -> 0.13430251 | D9: ='DSGE HVD wFG'!D9-'DSGE HVD wo FG'!D9 -> 1.3407793 | E9: ='DSGE HVD wFG'!E9-'DSGE HVD wo FG'!E9 -> 0.001193649 | F9: ='DSGE HVD wFG'!F9-'DSGE HVD wo FG'!F9 -> -7.6442078e-05 | G9: ='DSGE HVD wFG'!G9-'DSGE HVD wo FG'!G9 -> -7.8639788e-16 | H9: ='DSGE HVD wFG'!H9-'DSGE HVD wo FG'!H9 -> 1.7068292e-15 | I9: ='DSGE HVD wFG'!I9-'DSGE HVD wo FG'!I9 -> 2.4517079e-14 | ... U9: ='DSGE HVD wFG'!U9-'DSGE HVD wo FG'!U9 -> 1.5057371 | Y9: =+A9 -> 39813 | Z9: =+B9 -> 0.0040439779 | AA9: =+C9 -> 0.13430251 | AB9: =+D9 -> 1.3407793 | AC9: =+F9+S9 -> -4.4189941e-05 | AD9: =+E9 -> 0.001193649 | AE9: =+Q9 -> 0.021341016 | AF9: =+G9 -> -7.8639788e-16 | AG9: =+H9 -> 1.7068292e-15 | AH9: =+SUM(T9,I9:P9) -> 0.0041208654 | AI9: =+SUM(Z9:AH9) -> 1.5057371
A10: 39903 | B10: ='DSGE HVD wFG'!B10-'DSGE HVD wo FG'!B10 -> 0.0037925656 | C10: ='DSGE HVD wFG'!C10-'DSGE HVD wo FG'!C10 -> 0.17336331 | D10: ='DSGE HVD wFG'!D10-'DSGE HVD wo FG'!D10 -> 1.8349094 | E10: ='DSGE HVD wFG'!E10-'DSGE HVD wo FG'!E10 -> 0.0051690047 | F10: ='DSGE HVD wFG'!F10-'DSGE HVD wo FG'!F10 -> -4.8190023e-05 | G10: ='DSGE HVD wFG'!G10-'DSGE HVD wo FG'!G10 -> -9.9361308e-16 | H10: ='DSGE HVD wFG'!H10-'DSGE HVD wo FG'!H10 -> 1.3631412e-15 | I10: ='DSGE HVD wFG'!I10-'DSGE HVD wo FG'!I10 -> 2.9890112e-14 | ... U10: ='DSGE HVD wFG'!U10-'DSGE HVD wo FG'!U10 -> 2.0544887 | Y10: =+A10 -> 39903 | Z10: =+B10 -> 0.0037925656 | AA10: =+C10 -> 0.17336331 | AB10: =+D10 -> 1.8349094 | AC10: =+F10+S10 -> 0.00012889985 | AD10: =+E10 -> 0.0051690047 | AE10: =+Q10 -> 0.03307834 | AF10: =+G10 -> -9.9361308e-16 | AG10: =+H10 -> 1.3631412e-15 | AH10: =+SUM(T10,I10:P10) -> 0.0040471403 | AI10: =+SUM(Z10:AH10) -> 2.0544887
A11: 39994 | B11: ='DSGE HVD wFG'!B11-'DSGE HVD wo FG'!B11 -> 0.003247478 | C11: ='DSGE HVD wFG'!C11-'DSGE HVD wo FG'!C11 -> 0.13992487 | D11: ='DSGE HVD wFG'!D11-'DSGE HVD wo FG'!D11 -> 1.6816464 | E11: ='DSGE HVD wFG'!E11-'DSGE HVD wo FG'!E11 -> 0.0093127251 | F11: ='DSGE HVD wFG'!F11-'DSGE HVD wo FG'!F11 -> -3.2750057e-05 | G11: ='DSGE HVD wFG'!G11-'DSGE HVD wo FG'!G11 -> -9.9725478e-16 | H11: ='DSGE HVD wFG'!H11-'DSGE HVD wo FG'!H11 -> 1.1498036e-15 | I11: ='DSGE HVD wFG'!I11-'DSGE HVD wo FG'!I11 -> 4.8291438e-14 | ... U11: ='DSGE HVD wFG'!U11-'DSGE HVD wo FG'!U11 -> 1.8638774 | Y11: =+A11 -> 39994 | Z11: =+B11 -> 0.003247478 | AA11: =+C11 -> 0.13992487 | AB11: =+D11 -> 1.6816464 | AC11: =+F11+S11 -> 8.1179678e-05 | AD11: =+E11 -> 0.0093127251 | AE11: =+Q11 -> 0.02569044 | AF11: =+G11 -> -9.9725478e-16 | AG11: =+H11 -> 1.1498036e-15 | AH11: =+SUM(T11,I11:P11) -> 0.0039742499 | AI11: =+SUM(Z11:AH11) -> 1.8638774
A12: 40086 | B12: ='DSGE HVD wFG'!B12-'DSGE HVD wo FG'!B12 -> 0.0029305124 | C12: ='DSGE HVD wFG'!C12-'DSGE HVD wo FG'!C12 -> 0.11959046 | D12: ='DSGE HVD wFG'!D12-'DSGE HVD wo FG'!D12 -> 1.4976697 | E12: ='DSGE HVD wFG'!E12-'DSGE HVD wo FG'!E12 -> 0.011963862 | F12: ='DSGE HVD wFG'!F12-'DSGE HVD wo FG'!F12 -> -5.8775659e-05 | G12: ='DSGE HVD wFG'!G12-'DSGE HVD wo FG'!G12 -> -9.72772e-16 | H12: ='DSGE HVD wFG'!H12-'DSGE HVD wo FG'!H12 -> 9.1698253e-16 | I12: ='DSGE HVD wFG'!I12-'DSGE HVD wo FG'!I12 -> 6.2724105e-14 | ... U12: ='DSGE HVD wFG'!U12-'DSGE HVD wo FG'!U12 -> 1.6544497 | Y12: =+A12 -> 40086 | Z12: =+B12 -> 0.0029305124 | AA12: =+C12 -> 0.11959046 | AB12: =+D12 -> 1.4976697 | AC12: =+F12+S12 -> -4.7724996e-05 | AD12: =+E12 -> 0.011963862 | AE12: =+Q12 -> 0.018440795 | AF12: =+G12 -> -9.72772e-16 | AG12: =+H12 -> 9.1698253e-16 | AH12: =+SUM(T12,I12:P12) -> 0.0039021855 | AI12: =+SUM(Z12:AH12) -> 1.6544497
A13: 40178 | B13: ='DSGE HVD wFG'!B13-'DSGE HVD wo FG'!B13 -> 0.0027542186 | C13: ='DSGE HVD wFG'!C13-'DSGE HVD wo FG'!C13 -> 0.16752154 | D13: ='DSGE HVD wFG'!D13-'DSGE HVD wo FG'!D13 -> 1.7197143 | E13: ='DSGE HVD wFG'!E13-'DSGE HVD wo FG'!E13 -> 0.014282839 | F13: ='DSGE HVD wFG'!F13-'DSGE HVD wo FG'!F13 -> -5.9775206e-05 | G13: ='DSGE HVD wFG'!G13-'DSGE HVD wo FG'!G13 -> -1.0794324e-15 | H13: ='DSGE HVD wFG'!H13-'DSGE HVD wo FG'!H13 -> 4.5901983e-16 | I13: ='DSGE HVD wFG'!I13-'DSGE HVD wo FG'!I13 -> 6.9047417e-14 | ... U13: ='DSGE HVD wFG'!U13-'DSGE HVD wo FG'!U13 -> 1.9324133 | Y13: =+A13 -> 40178 | Z13: =+B13 -> 0.0027542186 | AA13: =+C13 -> 0.16752154 | AB13: =+D13 -> 1.7197143 | AC13: =+F13+S13 -> 6.0784003e-05 | AD13: =+E13 -> 0.014282839 | AE13: =+Q13 -> 0.024248722 | AF13: =+G13 -> -1.0794324e-15 | AG13: =+H13 -> 4.5901983e-16 | AH13: =+SUM(T13,I13:P13) -> 0.0038309384 | AI13: =+SUM(Z13:AH13) -> 1.9324133
A14: 40268 | B14: ='DSGE HVD wFG'!B14-'DSGE HVD wo FG'!B14 -> 0.0023894562 | C14: ='DSGE HVD wFG'!C14-'DSGE HVD wo FG'!C14 -> 0.11570128 | D14: ='DSGE HVD wFG'!D14-'DSGE HVD wo FG'!D14 -> 1.3558126 | E14: ='DSGE HVD wFG'!E14-'DSGE HVD wo FG'!E14 -> 0.016078763 | F14: ='DSGE HVD wFG'!F14-'DSGE HVD wo FG'!F14 -> -6.4896647e-05 | G14: ='DSGE HVD wFG'!G14-'DSGE HVD wo FG'!G14 -> -9.9204659e-16 | H14: ='DSGE HVD wFG'!H14-'DSGE HVD wo FG'!H14 -> 4.6543539e-16 | I14: ='DSGE HVD wFG'!I14-'DSGE HVD wo FG'!I14 -> 7.8666463e-14 | ... U14: ='DSGE HVD wFG'!U14-'DSGE HVD wo FG'!U14 -> 1.5062733 | Y14: =+A14 -> 40268 | Z14: =+B14 -> 0.0023894562 | AA14: =+C14 -> 0.11570128 | AB14: =+D14 -> 1.3558126 | AC14: =+F14+S14 -> 7.7642073e-05 | AD14: =+E14 -> 0.016078763 | AE14: =+Q14 -> 0.012453035 | AF14: =+G14 -> -9.9204659e-16 | AG14: =+H14 -> 4.6543539e-16 | AH14: =+SUM(T14,I14:P14) -> 0.0037605 | AI14: =+SUM(Z14:AH14) -> 1.5062733
... A131: 50951 | B131: ='DSGE HVD wFG'!B131-'DSGE HVD wo FG'!B131 -> 0.0013307341 | C131: ='DSGE HVD wFG'!C131-'DSGE HVD wo FG'!C131 -> -0.036552006 | D131: ='DSGE HVD wFG'!D131-'DSGE HVD wo FG'!D131 -> -0.22276455 | E131: ='DSGE HVD wFG'!E131-'DSGE HVD wo FG'!E131 -> -0.0010601496 | F131: ='DSGE HVD wFG'!F131-'DSGE HVD wo FG'!F131 -> 2.0368851e-05 | G131: ='DSGE HVD wFG'!G131-'DSGE HVD wo FG'!G131 -> -2.4593589e-17 | H131: ='DSGE HVD wFG'!H131-'DSGE HVD wo FG'!H131 -> 3.0337711e-16 | I131: ='DSGE HVD wFG'!I131-'DSGE HVD wo FG'!I131 -> -1.5977625e-13 | ... U131: ='DSGE HVD wFG'!U131-'DSGE HVD wo FG'!U131 -> -0.25850349 | Y131: =+A131 -> 50951 | Z131: =+B131 -> 0.0013307341 | AA131: =+C131 -> -0.036552006 | AB131: =+D131 -> -0.22276455 | AC131: =+F131+S131 -> 4.1859971e-05 | AD131: =+E131 -> -0.0010601496 | AE131: =+Q131 -> 0.0011622043 | AF131: =+G131 -> -2.4593589e-17 | AG131: =+H131 -> 3.0337711e-16 | AH131: =+SUM(T131,I131:P131) -> -0.00066158859 | AI131: =+SUM(Z131:AH131) -> -0.25850349
A132: 51043 | U132: =+SUM(B132:T132) -> 0 | Y132: =+A132 -> 51043 | Z132: =+B132 -> 0 | AA132: =+C132 -> 0 | AB132: =+D132 -> 0 | AC132: =+F132+S132 -> 0 | AD132: =+E132 -> 0 | AE132: =+Q132 -> 0 | AF132: =+G132 -> 0 | AG132: =+H132 -> 0 | AH132: =+SUM(T132,I132:P132) -> 0 | AI132: =+SUM(Z132:AH132) -> 0

Sheet DSGE HVD wFG
A1: date | B1: g | C1: b_liq | D1: b_safe | E1: FF | F1: z | G1: p-mkp | H1: w-mkp | I1: pol | J1: fg1 | K1: fg2 | L1: fg3 | M1: fg4 | N1: fg5 | O1: fg6 | P1: pi-LR | Q1: mu | R1: me | S1: zp | T1: dt | U1: DSGE r* | X1: Chart | Y1: Date | Z1: Government | AA1: Liquidity | AB1: Safety | AC1: Technology | AD1: Financial Frictions | AE1: Investment Specific Technology | AF1: Price Markups | AG1: Wage Markups | AH1: Others | AI1: DSGE r* (with FG)
A2: 39172 | B2: -0.078284074 | C2: -3.3536928 | D2: 4.0625681 | E2: -0.078929587 | F2: -0.00021463587 | G2: -1.7325996e-14 | H2: 4.9828714e-14 | I2: 9.7037389e-14 | J2: 0 | K2: 0 | L2: 0 | M2: 0 | N2: 0 | O2: 0 | P2: 1.0116916e-14 | Q2: -0.079101283 | R2: 0 | S2: 0.00018951412 | T2: 0.75299375 | U2: =+SUM(B2:T2) -> 1.225529 | Y2: =+A2 -> 39172 | Z2: =+B2 -> -0.078284074 | AA2: =+C2 -> -3.3536928 | AB2: =+D2 -> 4.0625681 | AC2: =+F2+S2 -> -2.5121749e-05 | AD2: =+E2 -> -0.078929587 | AE2: =+Q2 -> -0.079101283 | AF2: =+G2 -> -1.7325996e-14 | AG2: =+H2 -> 4.9828714e-14 | AH2: =+SUM(T2,I2:P2) -> 0.75299375 | AI2: =+SUM(Z2:AH2) -> 1.225529
A3: 39263 | B3: -0.068935732 | C3: -3.6820787 | D3: 4.8583334 | E3: -0.065752494 | F3: -0.00033729862 | G3: -1.7397732e-14 | H3: 5.0568971e-14 | I3: 9.9168848e-14 | J3: 0 | K3: 0 | L3: 0 | M3: 0 | N3: 0 | O3: 0 | P3: 1.0240682e-14 | Q3: -0.073240178 | R3: 0 | S3: -0.00019716767 | T3: 0.74523245 | U3: =+SUM(B3:T3) -> 1.7130243 | Y3: =+A3 -> 39263 | Z3: =+B3 -> -0.068935732 | AA3: =+C3 -> -3.6820787 | AB3: =+D3 -> 4.8583334 | AC3: =+F3+S3 -> -0.00053446629 | AD3: =+E3 -> -0.065752494 | AE3: =+Q3 -> -0.073240178 | AF3: =+G3 -> -1.7397732e-14 | AG3: =+H3 -> 5.0568971e-14 | AH3: =+SUM(T3,I3:P3) -> 0.74523245 | AI3: =+SUM(Z3:AH3) -> 1.7130243
A4: 39355 | B4: -0.071663741 | C4: -3.9397261 | D4: 5.2294426 | E4: -0.050365319 | F4: -0.00023177784 | G4: -1.6029971e-14 | H4: 4.8456027e-14 | I4: 9.7349024e-14 | J4: 0 | K4: 0 | L4: 0 | M4: 0 | N4: 0 | O4: 0 | P4: 1.0401761e-14 | Q4: -0.029467412 | R4: 0 | S4: -0.00076596643 | T4: 0.73754994 | U4: =+SUM(B4:T4) -> 1.8747723 | Y4: =+A4 -> 39355 | Z4: =+B4 -> -0.071663741 | AA4: =+C4 -> -3.9397261 | AB4: =+D4 -> 5.2294426 | AC4: =+F4+S4 -> -0.00099774427 | AD4: =+E4 -> -0.050365319 | AE4: =+Q4 -> -0.029467412 | AF4: =+G4 -> -1.6029971e-14 | AG4: =+H4 -> 4.8456027e-14 | AH4: =+SUM(T4,I4:P4) -> 0.73754994 | AI4: =+SUM(Z4:AH4) -> 1.8747723
A5: 39447 | B5: -0.063542094 | C5: -4.1234372 | D5: 5.4945509 | E5: -0.058856392 | F5: -0.0001388145 | G5: -1.7116864e-14 | H5: 4.8423608e-14 | I5: 9.9035455e-14 | J5: 0 | K5: 0 | L5: 0 | M5: 0 | N5: 0 | O5: 0 | P5: 1.0489179e-14 | Q5: -0.0002354462 | R5: 0 | S5: -0.00075334577 | T5: 0.72994541 | U5: =+SUM(B5:T5) -> 1.9775329 | Y5: =+A5 -> 39447 | Z5: =+B5 -> -0.063542094 | AA5: =+C5 -> -4.1234372 | AB5: =+D5 -> 5.4945509 | AC5: =+F5+S5 -> -0.00089216027 | AD5: =+E5 -> -0.058856392 | AE5: =+Q5 -> -0.0002354462 | AF5: =+G5 -> -1.7116864e-14 | AG5: =+H5 -> 4.8423608e-14 | AH5: =+SUM(T5,I5:P5) -> 0.72994541 | AI5: =+SUM(Z5:AH5) -> 1.9775329
A6: 39538 | B6: -0.064728899 | C6: -4.1837789 | D6: 5.4841232 | E6: 0.0098443971 | F6: -0.0007450019 | G6: -1.5812244e-14 | H6: 4.4077833e-14 | I6: 1.0186488e-13 | J6: 0 | K6: 0 | L6: 0 | M6: 0 | N6: 0 | O6: 0 | P6: 1.0659592e-14 | Q6: 0.054260301 | R6: 0 | S6: -0.0008088874 | T6: 0.72241806 | U6: =+SUM(B6:T6) -> 2.0205843 | Y6: =+A6 -> 39538 | Z6: =+B6 -> -0.064728899 | AA6: =+C6 -> -4.1837789 | AB6: =+D6 -> 5.4841232 | AC6: =+F6+S6 -> -0.0015538893 | AD6: =+E6 -> 0.0098443971 | AE6: =+Q6 -> 0.054260301 | AF6: =+G6 -> -1.5812244e-14 | AG6: =+H6 -> 4.4077833e-14 | AH6: =+SUM(T6,I6:P6) -> 0.72241806 | AI6: =+SUM(Z6:AH6) -> 2.0205843
A7: 39629 | B7: -0.061585403 | C7: -4.3355729 | D7: 5.8403263 | E7: 0.011744722 | F7: -0.00071597614 | G7: -1.6856279e-14 | H7: 4.7147638e-14 | I7: 9.8624591e-14 | J7: 0 | K7: 0 | L7: 0 | M7: 0 | N7: 0 | O7: 0 | P7: 1.0771832e-14 | Q7: 0.036064208 | R7: 0 | S7: -0.0015668548 | T7: 0.71496711 | U7: =+SUM(B7:T7) -> 2.2036612 | Y7: =+A7 -> 39629 | Z7: =+B7 -> -0.061585403 | AA7: =+C7 -> -4.3355729 | AB7: =+D7 -> 5.8403263 | AC7: =+F7+S7 -> -0.002282831 | AD7: =+E7 -> 0.011744722 | AE7: =+Q7 -> 0.036064208 | AF7: =+G7 -> -1.6856279e-14 | AG7: =+H7 -> 4.7147638e-14 | AH7: =+SUM(T7,I7:P7) -> 0.71496711 | AI7: =+SUM(Z7:AH7) -> 2.2036612
A8: 39721 | B8: -0.051207574 | C8: -4.4226039 | D8: 6.0498805 | E8: 0.045598632 | F8: -0.00053713845 | G8: -1.5730993e-14 | H8: 3.8444489e-14 | I8: 9.7722347e-14 | J8: 0 | K8: 0 | L8: 0 | M8: 0 | N8: 0 | O8: 0 | P8: 1.0974835e-14 | Q8: 0.098057092 | R8: 0 | S8: -0.0013954541 | T8: 0.70759176 | U8: =+SUM(B8:T8) -> 2.4253838 | Y8: =+A8 -> 39721 | Z8: =+B8 -> -0.051207574 | AA8: =+C8 -> -4.4226039 | AB8: =+D8 -> 6.0498805 | AC8: =+F8+S8 -> -0.0019325926 | AD8: =+E8 -> 0.045598632 | AE8: =+Q8 -> 0.098057092 | AF8: =+G8 -> -1.5730993e-14 | AG8: =+H8 -> 3.8444489e-14 | AH8: =+SUM(T8,I8:P8) -> 0.70759176 | AI8: =+SUM(Z8:AH8) -> 2.4253838
A9: 39813 | B9: -0.068689601 | C9: -4.7838093 | D9: 5.3758771 | E9: 0.15728435 | F9: 0.00050732851 | G9: -1.5008818e-14 | H9: 3.7023818e-14 | I9: 9.5618368e-14 | J9: 7.7636183e-16 | K9: -1.9932398e-15 | L9: 1.6186512e-15 | M9: -1.6603179e-16 | N9: -3.9430529e-16 | O9: -8.8999268e-16 | P9: 1.1161055e-14 | Q9: 0.36017357 | R9: 0 | S9: -0.00056760183 | T9: 0.70029125 | U9: =+SUM(B9:T9) -> 1.7410671 | Y9: =+A9 -> 39813 | Z9: =+B9 -> -0.068689601 | AA9: =+C9 -> -4.7838093 | AB9: =+D9 -> 5.3758771 | AC9: =+F9+S9 -> -6.027332e-05 | AD9: =+E9 -> 0.15728435 | AE9: =+Q9 -> 0.36017357 | AF9: =+G9 -> -1.5008818e-14 | AG9: =+H9 -> 3.7023818e-14 | AH9: =+SUM(T9,I9:P9) -> 0.70029125 | AI9: =+SUM(Z9:AH9) -> 1.7410671
A10: 39903 | B10: -0.073441058 | C10: -4.5362461 | D10: 5.1776753 | E10: 0.20677613 | F10: 0.0009137068 | G10: -1.5907451e-14 | H10: 3.6269444e-14 | I10: 1.0114036e-13 | J10: -2.129443e-14 | K10: 9.5471163e-16 | L10: 1.5223913e-15 | M10: -6.1157008e-16 | N10: -1.1680121e-15 | O10: -3.801997e-15 | P10: 1.1306375e-14 | Q10: 0.32451927 | R10: 0 | S10: 0.0019847909 | T10: 0.69306481 | U10: =+SUM(B10:T10) -> 1.7952468 | Y10: =+A10 -> 39903 | Z10: =+B10 -> -0.073441058 | AA10: =+C10 -> -4.5362461 | AB10: =+D10 -> 5.1776753 | AC10: =+F10+S10 -> 0.0028984977 | AD10: =+E10 -> 0.20677613 | AE10: =+Q10 -> 0.32451927 | AF10: =+G10 -> -1.5907451e-14 | AG10: =+H10 -> 3.6269444e-14 | AH10: =+SUM(T10,I10:P10) -> 0.69306481 | AI10: =+SUM(Z10:AH10) -> 1.7952468
A11: 39994 | B11: -0.07398642 | C11: -4.1428582 | D11: 4.6096002 | E11: 0.17543063 | F11: -6.3751945e-05 | G11: -1.5895798e-14 | H11: 3.0183394e-14 | I11: 1.251219e-13 | J11: -4.4403668e-14 | K11: 3.813376e-15 | L11: 1.3146739e-15 | M11: -1.417915e-15 | N11: -1.1748694e-15 | O11: -7.5474058e-15 | P11: 1.1468968e-14 | Q11: 0.20851281 | R11: 0 | S11: 0.003886969 | T11: 0.68591169 | U11: =+SUM(B11:T11) -> 1.466434 | Y11: =+A11 -> 39994 | Z11: =+B11 -> -0.07398642 | AA11: =+C11 -> -4.1428582 | AB11: =+D11 -> 4.6096002 | AC11: =+F11+S11 -> 0.003823217 | AD11: =+E11 -> 0.17543063 | AE11: =+Q11 -> 0.20851281 | AF11: =+G11 -> -1.5895798e-14 | AG11: =+H11 -> 3.0183394e-14 | AH11: =+SUM(T11,I11:P11) -> 0.68591169 | AI11: =+SUM(Z11:AH11) -> 1.466434
A12: 40086 | B12: -0.073653072 | C12: -3.4599427 | D12: 3.9612346 | E12: 0.13057815 | F12: -0.00022882546 | G12: -1.464391e-14 | H12: 2.3612202e-14 | I12: 1.4448187e-13 | J12: -5.9618656e-14 | K12: 4.5553952e-15 | L12: 6.4309241e-16 | M12: -2.8006834e-15 | N12: -2.1829048e-15 | O12: -1.2848328e-14 | P12: 1.1661022e-14 | Q12: 0.040595185 | R12: 0 | S12: 0.0032288968 | T12: 0.67883112 | U12: =+SUM(B12:T12) -> 1.2806434 | Y12: =+A12 -> 40086 | Z12: =+B12 -> -0.073653072 | AA12: =+C12 -> -3.4599427 | AB12: =+D12 -> 3.9612346 | AC12: =+F12+S12 -> 0.0030000713 | AD12: =+E12 -> 0.13057815 | AE12: =+Q12 -> 0.040595185 | AF12: =+G12 -> -1.464391e-14 | AG12: =+H12 -> 2.3612202e-14 | AH12: =+SUM(T12,I12:P12) -> 0.67883112 | AI12: =+SUM(Z12:AH12) -> 1.2806434
A13: 40178 | B13: -0.06419439 | C13: -3.0559098 | D13: 3.8581322 | E13: 0.10703947 | F13: 4.5429166e-05 | G13: -1.5823259e-14 | H13: 2.3547395e-14 | I13: 1.5766787e-13 | J13: -7.323975e-14 | K13: 6.6079109e-15 | L13: 3.6756254e-16 | M13: -3.5615799e-15 | N13: -2.0156895e-15 | O13: -1.8016609e-14 | P13: 1.1805466e-14 | Q13: -0.045205747 | R13: 0 | S13: 0.002903373 | T13: 0.67182238 | U13: =+SUM(B13:T13) -> 1.4746329 | Y13: =+A13 -> 40178 | Z13: =+B13 -> -0.06419439 | AA13: =+C13 -> -3.0559098 | AB13: =+D13 -> 3.8581322 | AC13: =+F13+S13 -> 0.0029488022 | AD13: =+E13 -> 0.10703947 | AE13: =+Q13 -> -0.045205747 | AF13: =+G13 -> -1.5823259e-14 | AG13: =+H13 -> 2.3547395e-14 | AH13: =+SUM(T13,I13:P13) -> 0.67182238 | AI13: =+SUM(Z13:AH13) -> 1.4746329
... A131: 50951 | B131: -0.11623914 | C131: -1.345537 | D131: 3.088072 | E131: 0.0066416295 | F131: -8.7878743e-06 | G131: 2.6677613e-15 | H131: -1.8863064e-14 | I131: 3.1017843e-13 | J131: 3.8000555e-13 | K131: 4.6128837e-14 | L131: 4.1087059e-14 | M131: 3.2089611e-14 | N131: 2.8074824e-14 | O131: 1.7685319e-15 | P131: 6.3387837e-15 | Q131: -0.07972901 | R131: 0 | S131: -0.00031801307 | T131: 0.1932494 | U131: =+SUM(B131:T131) -> 1.746131 | Y131: =+A131 -> 50951 | Z131: =+B131 -> -0.11623914 | AA131: =+C131 -> -1.345537 | AB131: =+D131 -> 3.088072 | AC131: =+F131+S131 -> -0.00032680094 | AD131: =+E131 -> 0.0066416295 | AE131: =+Q131 -> -0.07972901 | AF131: =+G131 -> 2.6677613e-15 | AG131: =+H131 -> -1.8863064e-14 | AH131: =+SUM(T131,I131:P131) -> 0.1932494 | AI131: =+SUM(Z131:AH131) -> 1.746131
A132: 51043 | U132: =+SUM(B132:T132) -> 0 | Y132: =+A132 -> 51043 | Z132: =+B132 -> 0 | AA132: =+C132 -> 0 | AB132: =+D132 -> 0 | AC132: =+F132+S132 -> 0 | AD132: =+E132 -> 0 | AE132: =+Q132 -> 0 | AF132: =+G132 -> 0 | AG132: =+H132 -> 0 | AH132: =+SUM(T132,I132:P132) -> 0 | AI132: =+SUM(Z132:AH132) -> 0

Sheet DSGE HVD wo FG
A1: date | B1: g | C1: b_liq | D1: b_safe | E1: FF | F1: z | G1: p-mkp | H1: w-mkp | I1: pol | J1: fg1 | K1: fg2 | L1: fg3 | M1: fg4 | N1: fg5 | O1: fg6 | P1: pi-LR | Q1: mu | R1: me | S1: zp | T1: dt | U1: DSGE r* | X1: Chart | Y1: Date | Z1: Government | AA1: Liquidity | AB1: Safety | AC1: Technology | AD1: Financial Frictions | AE1: Investment Specific Technology | AF1: Price Markups | AG1: Wage Markups | AH1: Others | AI1: DSGE r* (with FG)
A2: 39172 | B2: -0.081448695 | C2: -3.4262635 | D2: 3.6079191 | E2: -0.07896296 | F2: -0.00021140333 | G2: -1.7056528e-14 | H2: 4.8874332e-14 | I2: 7.2929636e-14 | J2: 0 | K2: 0 | L2: 0 | M2: 0 | N2: 0 | O2: 0 | P2: 1.2824322e-14 | Q2: -0.084557886 | R2: 0 | S2: 0.00021906055 | T2: 0.74833267 | U2: =+SUM(B2:T2) -> 0.68502632 | Y2: =+A2 -> 39172 | Z2: =+B2 -> -0.081448695 | AA2: =+C2 -> -3.4262635 | AB2: =+D2 -> 3.6079191 | AC2: =+F2+S2 -> 7.6572161e-06 | AD2: =+E2 -> -0.07896296 | AE2: =+Q2 -> -0.084557886 | AF2: =+G2 -> -1.7056528e-14 | AG2: =+H2 -> 4.8874332e-14 | AH2: =+SUM(T2,I2:P2) -> 0.74833267 | AI2: =+SUM(Z2:AH2) -> 0.68502632
A3: 39263 | B3: -0.07215235 | C3: -3.7641426 | D3: 4.3511218 | E3: -0.065776821 | F3: -0.00033414283 | G3: -1.7088127e-14 | H3: 4.9505175e-14 | I3: 7.4985129e-14 | J3: 0 | K3: 0 | L3: 0 | M3: 0 | N3: 0 | O3: 0 | P3: 1.2994127e-14 | Q3: -0.079448373 | R3: 0 | S3: -0.00016199976 | T3: 0.7406512 | U3: =+SUM(B3:T3) -> 1.1097567 | Y3: =+A3 -> 39263 | Z3: =+B3 -> -0.07215235 | AA3: =+C3 -> -3.7641426 | AB3: =+D3 -> 4.3511218 | AC3: =+F3+S3 -> -0.00049614259 | AD3: =+E3 -> -0.065776821 | AE3: =+Q3 -> -0.079448373 | AF3: =+G3 -> -1.7088127e-14 | AG3: =+H3 -> 4.9505175e-14 | AH3: =+SUM(T3,I3:P3) -> 0.7406512 | AI3: =+SUM(Z3:AH3) -> 1.1097567
A4: 39355 | B4: -0.074959266 | C4: -4.0324803 | D4: 4.662021 | E4: -0.050385035 | F4: -0.00022866531 | G4: -1.5674163e-14 | H4: 4.726874e-14 | I4: 7.3093052e-14 | J4: 0 | K4: 0 | L4: 0 | M4: 0 | N4: 0 | O4: 0 | P4: 1.3201545e-14 | Q4: -0.036538266 | R4: 0 | S4: -0.0007235861 | T4: 0.73304761 | U4: =+SUM(B4:T4) -> 1.1997535 | Y4: =+A4 -> 39355 | Z4: =+B4 -> -0.074959266 | AA4: =+C4 -> -4.0324803 | AB4: =+D4 -> 4.662021 | AC4: =+F4+S4 -> -0.00095225141 | AD4: =+E4 -> -0.050385035 | AE4: =+Q4 -> -0.036538266 | AF4: =+G4 -> -1.5674163e-14 | AG4: =+H4 -> 4.726874e-14 | AH4: =+SUM(T4,I4:P4) -> 0.73304761 | AI4: =+SUM(Z4:AH4) -> 1.1997535
A5: 39447 | B5: -0.066951066 | C5: -4.2279703 | D5: 4.857796 | E5: -0.058878321 | F5: -0.00013520214 | G5: -1.6707821e-14 | H5: 4.7096986e-14 | I5: 7.4710093e-14 | J5: 0 | K5: 0 | L5: 0 | M5: 0 | N5: 0 | O5: 0 | P5: 1.3335537e-14 | Q5: -0.00829769 | R5: 0 | S5: -0.00070168939 | T5: 0.72552111 | U5: =+SUM(B5:T5) -> 1.2203829 | Y5: =+A5 -> 39447 | Z5: =+B5 -> -0.066951066 | AA5: =+C5 -> -4.2279703 | AB5: =+D5 -> 4.857796 | AC5: =+F5+S5 -> -0.00083689153 | AD5: =+E5 -> -0.058878321 | AE5: =+Q5 -> -0.00829769 | AF5: =+G5 -> -1.6707821e-14 | AG5: =+H5 -> 4.7096986e-14 | AH5: =+SUM(T5,I5:P5) -> 0.72552111 | AI5: =+SUM(Z5:AH5) -> 1.2203829
A6: 39538 | B6: -0.068291833 | C6: -4.3003766 | D6: 4.7664354 | E6: 0.0098096578 | F6: -0.00073827625 | G6: -1.5341755e-14 | H6: 4.2594217e-14 | I6: 7.7472359e-14 | J6: 0 | K6: 0 | L6: 0 | M6: 0 | N6: 0 | O6: 0 | P6: 1.3552661e-14 | Q6: 0.045055735 | R6: 0 | S6: -0.00074506774 | T6: 0.71807092 | U6: =+SUM(B6:T6) -> 1.16922 | Y6: =+A6 -> 39538 | Z6: =+B6 -> -0.068291833 | AA6: =+C6 -> -4.3003766 | AB6: =+D6 -> 4.7664354 | AC6: =+F6+S6 -> -0.001483344 | AD6: =+E6 -> 0.0098096578 | AE6: =+Q6 -> 0.045055735 | AF6: =+G6 -> -1.5341755e-14 | AG6: =+H6 -> 4.2594217e-14 | AH6: =+SUM(T6,I6:P6) -> 0.71807092 | AI6: =+SUM(Z6:AH6) -> 1.16922
A7: 39629 | B7: -0.065340374 | C7: -4.4612751 | D7: 5.0246338 | E7: 0.011680018 | F7: -0.0006969435 | G7: -1.631461e-14 | H7: 4.5487581e-14 | I7: 7.4167985e-14 | J7: 0 | K7: 0 | L7: 0 | M7: 0 | N7: 0 | O7: 0 | P7: 1.3711547e-14 | Q7: 0.025535481 | R7: 0 | S7: -0.0014865068 | T7: 0.71069625 | U7: =+SUM(B7:T7) -> 1.2437467 | Y7: =+A7 -> 39629 | Z7: =+B7 -> -0.065340374 | AA7: =+C7 -> -4.4612751 | AB7: =+D7 -> 5.0246338 | AC7: =+F7+S7 -> -0.0021834503 | AD7: =+E7 -> 0.011680018 | AE7: =+Q7 -> 0.025535481 | AF7: =+G7 -> -1.631461e-14 | AG7: =+H7 -> 4.5487581e-14 | AH7: =+SUM(T7,I7:P7) -> 0.71069625 | AI7: =+SUM(Z7:AH7) -> 1.2437467
A8: 39721 | B8: -0.055165076 | C8: -4.5427711 | D8: 5.1039021 | E8: 0.045474525 | F8: -0.0004790095 | G8: -1.5106166e-14 | H8: 3.6585121e-14 | I8: 7.3210269e-14 | J8: 0 | K8: 0 | L8: 0 | M8: 0 | N8: 0 | O8: 0 | P8: 1.3960654e-14 | Q8: 0.085970584 | R8: 0 | S8: -0.0012925169 | T8: 0.70339633 | U8: =+SUM(B8:T8) -> 1.3390359 | Y8: =+A8 -> 39721 | Z8: =+B8 -> -0.055165076 | AA8: =+C8 -> -4.5427711 | AB8: =+D8 -> 5.1039021 | AC8: =+F8+S8 -> -0.0017715264 | AD8: =+E8 -> 0.045474525 | AE8: =+Q8 -> 0.085970584 | AF8: =+G8 -> -1.5106166e-14 | AG8: =+H8 -> 3.6585121e-14 | AH8: =+SUM(T8,I8:P8) -> 0.70339633 | AI8: =+SUM(Z8:AH8) -> 1.3390359
A9: 39813 | B9: -0.072733579 | C9: -4.9181118 | D9: 4.0350978 | E9: 0.1560907 | F9: 0.00058377058 | G9: -1.422242e-14 | H9: 3.5316989e-14 | I9: 7.1101289e-14 | J9: 6.5020368e-15 | K9: 9.1950186e-17 | L9: -2.6964015e-16 | M9: -4.9293753e-16 | N9: -5.5664001e-16 | O9: -7.9766436e-16 | P9: 1.4183137e-14 | Q9: 0.33883256 | R9: 0 | S9: -0.00059985396 | T9: 0.69617039 | U9: =+SUM(B9:T9) -> 0.23533001 | Y9: =+A9 -> 39813 | Z9: =+B9 -> -0.072733579 | AA9: =+C9 -> -4.9181118 | AB9: =+D9 -> 4.0350978 | AC9: =+F9+S9 -> -1.6083379e-05 | AD9: =+E9 -> 0.1560907 | AE9: =+Q9 -> 0.33883256 | AF9: =+G9 -> -1.422242e-14 | AG9: =+H9 -> 3.5316989e-14 | AH9: =+SUM(T9,I9:P9) -> 0.69617039 | AI9: =+SUM(Z9:AH9) -> 0.23533001
A10: 39903 | B10: -0.077233624 | C10: -4.7096095 | D10: 3.3427659 | E10: 0.20160712 | F10: 0.00096189682 | G10: -1.4913838e-14 | H10: 3.4906303e-14 | I10: 7.1250245e-14 | J10: 1.983048e-15 | K10: -9.0584211e-16 | L10: -1.1131e-15 | M10: -1.3389406e-15 | N10: -1.4583836e-15 | O10: -2.049167e-15 | P10: 1.4358691e-14 | Q10: 0.29144093 | R10: 0 | S10: 0.001807701 | T10: 0.68901767 | U10: =+SUM(B10:T10) -> -0.25924181 | Y10: =+A10 -> 39903 | Z10: =+B10 -> -0.077233624 | AA10: =+C10 -> -4.7096095 | AB10: =+D10 -> 3.3427659 | AC10: =+F10+S10 -> 0.0027695978 | AD10: =+E10 -> 0.20160712 | AE10: =+Q10 -> 0.29144093 | AF10: =+G10 -> -1.4913838e-14 | AG10: =+H10 -> 3.4906303e-14 | AH10: =+SUM(T10,I10:P10) -> 0.68901767 | AI10: =+SUM(Z10:AH10) -> -0.25924181
A11: 39994 | B11: -0.077233898 | C11: -4.282783 | D11: 2.9279538 | E11: 0.16611791 | F11: -3.1001888e-05 | G11: -1.4898543e-14 | H11: 2.903359e-14 | I11: 7.6830463e-14 | J11: -1.0077582e-15 | K11: -1.7856893e-15 | L11: -1.739055e-15 | M11: -2.0112027e-15 | N11: -2.2171287e-15 | O11: -3.0170257e-15 | P11: 1.4561216e-14 | Q11: 0.18282237 | R11: 0 | S11: 0.0037730392 | T11: 0.68193744 | U11: =+SUM(B11:T11) -> -0.39744341 | Y11: =+A11 -> 39994 | Z11: =+B11 -> -0.077233898 | AA11: =+C11 -> -4.282783 | AB11: =+D11 -> 2.9279538 | AC11: =+F11+S11 -> 0.0037420374 | AD11: =+E11 -> 0.16611791 | AE11: =+Q11 -> 0.18282237 | AF11: =+G11 -> -1.4898543e-14 | AG11: =+H11 -> 2.903359e-14 | AH11: =+SUM(T11,I11:P11) -> 0.68193744 | AI11: =+SUM(Z11:AH11) -> -0.39744341
A12: 40086 | B12: -0.076583584 | C12: -3.5795331 | D12: 2.463565 | E12: 0.11861429 | F12: -0.0001700498 | G12: -1.3671138e-14 | H12: 2.269522e-14 | I12: 8.1757767e-14 | J12: -5.5690403e-15 | K12: -2.53855e-15 | L12: -2.3204753e-15 | M12: -2.6646904e-15 | N12: -2.868122e-15 | O12: -3.8055691e-15 | P12: 1.4795123e-14 | Q12: 0.02215439 | R12: 0 | S12: 0.0032178461 | T12: 0.67492894 | U12: =+SUM(B12:T12) -> -0.37380634 | Y12: =+A12 -> 40086 | Z12: =+B12 -> -0.076583584 | AA12: =+C12 -> -3.5795331 | AB12: =+D12 -> 2.463565 | AC12: =+F12+S12 -> 0.0030477963 | AD12: =+E12 -> 0.11861429 | AE12: =+Q12 -> 0.02215439 | AF12: =+G12 -> -1.3671138e-14 | AG12: =+H12 -> 2.269522e-14 | AH12: =+SUM(T12,I12:P12) -> 0.67492894 | AI12: =+SUM(Z12:AH12) -> -0.37380634
A13: 40178 | B13: -0.066948609 | C13: -3.2234314 | D13: 2.1384179 | E13: 0.092756627 | F13: 0.00010520437 | G13: -1.4743826e-14 | H13: 2.3088375e-14 | I13: 8.8620449e-14 | J13: -7.1610404e-15 | K13: -3.1919939e-15 | L13: -2.9134934e-15 | M13: -3.2709852e-15 | N13: -3.4675141e-15 | O13: -4.6597133e-15 | P13: 1.4970335e-14 | Q13: -0.069454469 | R13: 0 | S13: 0.0027828138 | T13: 0.66799144 | U13: =+SUM(B13:T13) -> -0.45778045 | Y13: =+A13 -> 40178 | Z13: =+B13 -> -0.066948609 | AA13: =+C13 -> -3.2234314 | AB13: =+D13 -> 2.1384179 | AC13: =+F13+S13 -> 0.0028880182 | AD13: =+E13 -> 0.092756627 | AE13: =+Q13 -> -0.069454469 | AF13: =+G13 -> -1.4743826e-14 | AG13: =+H13 -> 2.3088375e-14 | AH13: =+SUM(T13,I13:P13) -> 0.66799144 | AI13: =+SUM(Z13:AH13) -> -0.45778045
... A131: 50951 | B131: -0.11756988 | C131: -1.308985 | D131: 3.3108365 | E131: 0.007701779 | F131: -2.9156726e-05 | G131: 2.6923549e-15 | H131: -1.9166441e-14 | I131: 4.6995468e-13 | J131: 2.9544731e-13 | K131: 1.8740364e-14 | L131: 8.855544e-15 | M131: 7.4255305e-15 | N131: 7.2526854e-15 | O131: 9.7129821e-15 | P131: 6.4714309e-15 | Q131: -0.080891214 | R131: 0 | S131: -0.00033950419 | T131: 0.19391099 | U131: =+SUM(B131:T131) -> 2.0046345 | Y131: =+A131 -> 50951 | Z131: =+B131 -> -0.11756988 | AA131: =+C131 -> -1.308985 | AB131: =+D131 -> 3.3108365 | AC131: =+F131+S131 -> -0.00036866091 | AD131: =+E131 -> 0.007701779 | AE131: =+Q131 -> -0.080891214 | AF131: =+G131 -> 2.6923549e-15 | AG131: =+H131 -> -1.9166441e-14 | AH131: =+SUM(T131,I131:P131) -> 0.19391099 | AI131: =+SUM(Z131:AH131) -> 2.0046345
A132: 51043 | U132: =+SUM(B132:T132) -> 0 | Y132: =+A132 -> 51043 | Z132: =+B132 -> 0 | AA132: =+C132 -> 0 | AB132: =+D132 -> 0 | AC132: =+F132+S132 -> 0 | AD132: =+E132 -> 0 | AE132: =+Q132 -> 0 | AF132: =+G132 -> 0 | AG132: =+H132 -> 0 | AH132: =+SUM(T132,I132:P132) -> 0 | AI132: =+SUM(Z132:AH132) -> 0
